{
    "accessors": {
        "accessor_120": {
            "bufferView": "bufferView_155",
            "byteOffset": 36768,
            "byteStride": 0,
            "count": 237,
            "type": 5123
        },
        "accessor_122": {
            "bufferView": "bufferView_156",
            "byteOffset": 180616,
            "byteStride": 12,
            "count": 56,
            "max": [
                84.1315,
                24.9378,
                -0.378502
            ],
            "min": [
                24.068,
                -93.4346,
                -0.378502
            ],
            "type": 35665
        },
        "accessor_124": {
            "bufferView": "bufferView_156",
            "byteOffset": 181288,
            "byteStride": 12,
            "count": 56,
            "max": [
                7.92493e-08,
                3.95703e-08,
                1
            ],
            "min": [
                -3.65444e-08,
                -1.31109e-07,
                1
            ],
            "type": 35665
        },
        "accessor_126": {
            "bufferView": "bufferView_156",
            "byteOffset": 181960,
            "byteStride": 8,
            "count": 56,
            "max": [
                0.544523,
                0.572397
            ],
            "min": [
                0.452236,
                0.390316
            ],
            "type": 35664
        },
        "accessor_147": {
            "bufferView": "bufferView_155",
            "byteOffset": 37242,
            "byteStride": 0,
            "count": 2511,
            "type": 5123
        },
        "accessor_149": {
            "bufferView": "bufferView_156",
            "byteOffset": 182408,
            "byteStride": 12,
            "count": 470,
            "max": [
                271.032,
                243.524,
                21.9305
            ],
            "min": [
                -260.305,
                -395.45,
                -1.01736
            ],
            "type": 35665
        },
        "accessor_151": {
            "bufferView": "bufferView_156",
            "byteOffset": 188048,
            "byteStride": 12,
            "count": 470,
            "max": [
                0.939786,
                0.844628,
                1
            ],
            "min": [
                -0.874059,
                -0.438282,
                0.2779
            ],
            "type": 35665
        },
        "accessor_153": {
            "bufferView": "bufferView_156",
            "byteOffset": 193688,
            "byteStride": 8,
            "count": 470,
            "max": [
                0.876315,
                0.991111
            ],
            "min": [
                0.0599235,
                0.00823772
            ],
            "type": 35664
        },
        "accessor_21": {
            "bufferView": "bufferView_155",
            "byteOffset": 0,
            "byteStride": 0,
            "count": 3582,
            "type": 5123
        },
        "accessor_23": {
            "bufferView": "bufferView_156",
            "byteOffset": 0,
            "byteStride": 12,
            "count": 788,
            "max": [
                96.5591,
                228.945,
                27.8793
            ],
            "min": [
                -154.199,
                -105.036,
                -6.51913
            ],
            "type": 35665
        },
        "accessor_25": {
            "bufferView": "bufferView_156",
            "byteOffset": 9456,
            "byteStride": 12,
            "count": 788,
            "max": [
                0.911781,
                0.999013,
                0.999946
            ],
            "min": [
                -0.751635,
                -0.885391,
                -0.643851
            ],
            "type": 35665
        },
        "accessor_27": {
            "bufferView": "bufferView_156",
            "byteOffset": 18912,
            "byteStride": 8,
            "count": 788,
            "max": [
                0.640936,
                0.67319
            ],
            "min": [
                0.255649,
                0.15946
            ],
            "type": 35664
        },
        "accessor_87": {
            "bufferView": "bufferView_155",
            "byteOffset": 7164,
            "byteStride": 0,
            "count": 14802,
            "type": 5123
        },
        "accessor_89": {
            "bufferView": "bufferView_156",
            "byteOffset": 25216,
            "byteStride": 12,
            "count": 2775,
            "max": [
                26.029,
                22.5838,
                1.70175
            ],
            "min": [
                -26.029,
                -28.5297,
                -1.06175
            ],
            "type": 35665
        },
        "accessor_91": {
            "bufferView": "bufferView_156",
            "byteOffset": 58516,
            "byteStride": 12,
            "count": 2775,
            "max": [
                0.994384,
                0.994149,
                1
            ],
            "min": [
                -0.971958,
                -0.762178,
                -0.288244
            ],
            "type": 35665
        },
        "accessor_93": {
            "bufferView": "bufferView_156",
            "byteOffset": 91816,
            "byteStride": 8,
            "count": 2775,
            "max": [
                0.544523,
                0.521129
            ],
            "min": [
                0.464537,
                0.442506
            ],
            "type": 35664
        },
        "accessor_95": {
            "bufferView": "bufferView_156",
            "byteOffset": 114016,
            "byteStride": 8,
            "count": 2775,
            "max": [
                0.997361,
                0.9998
            ],
            "min": [
                0.0002,
                0.000199974
            ],
            "type": 35664
        },
        "accessor_97": {
            "bufferView": "bufferView_156",
            "byteOffset": 136216,
            "byteStride": 8,
            "count": 2775,
            "max": [
                0.987173,
                0.995516
            ],
            "min": [
                0.00103703,
                0.00105238
            ],
            "type": 35664
        },
        "accessor_99": {
            "bufferView": "bufferView_156",
            "byteOffset": 158416,
            "byteStride": 8,
            "count": 2775,
            "max": [
                0.987173,
                0.995516
            ],
            "min": [
                0.00103703,
                0.00105238
            ],
            "type": 35664
        }
    },
    "animations": {},
    "asset": {
        "generator": "collada2gltf@63e932907e3f0c834c8668d04f03ddb6eabf78d1",
        "premultipliedAlpha": true,
        "profile": "WebGL 1.0.2",
        "version": 0.6
    },
    "bufferViews": {
        "bufferView_155": {
            "buffer": "terrain_mix",
            "byteLength": 42264,
            "byteOffset": 0,
            "target": 34963
        },
        "bufferView_156": {
            "buffer": "terrain_mix",
            "byteLength": 197448,
            "byteOffset": 42264,
            "target": 34962
        }
    },
    "buffers": {
        "terrain_mix": {
            "byteLength": 239712,
            "path": "terrain_mix.bin",
            "type": "arraybuffer"
        }
    },
    "lights": {
        "EnvironmentAmbientLight": {
            "ambient": {
                "color": [
                    0,
                    0,
                    0
                ]
            },
            "type": "ambient"
        }
    },
    "materials": {
        "_4_-_Default": {
            "instanceTechnique": {
                "technique": "technique0",